8/19/2022,0,4.72,802.3,3786.856,77,1,,,
8/19/2022,1,4.61,787.2,3628.992,77,,,,
8/19/2022,2,4.53,752.1,3407.013,77,,,,
8/19/2022,3,4.48,784.2,3513.216,77,,,,
8/19/2022,4,4.41,778.2,3431.862,77,,,,
8/19/2022,5,4.37,772.1,3374.077,77,,,,
8/19/2022,6,4.33,751.3,3253.129,77,,,,
8/19/2022,7,4.32,734.6,3173.472,77,,,,
8/19/2022,8,4.3,728.3,3131.69,77,,,,
8/19/2022,9,4.28,733.2,3138.096,77,,,,
8/19/2022,10,4.28,727.2,3112.416,77,,,,
8/19/2022,11,4.27,722.3,3084.221,77,,,,
8/19/2022,12,4.3,720.1,3096.43,77,,,,
8/19/2022,13,4.3,726.2,3122.66,77,,,,
8/19/2022,14,4.29,720.2,3089.658,77,,,,
8/19/2022,15,4.3,735.2,3161.36,77,,,,
8/19/2022,16,4.3,723.1,3109.33,77,,,,
8/19/2022,17,4.31,721.3,3108.803,77,,,,
8/19/2022,18,4.31,715.2,3082.512,77,,,,
8/19/2022,19,4.29,722.1,3097.809,77,,,,
8/19/2022,20,4.29,725.3,3111.537,77,,,,
8/19/2022,21,4.28,719.6,3079.888,77,,,,
8/19/2022,22,4.27,720.4,3076.108,77,,,,
8/19/2022,23,4.26,716.2,3051.012,77,,,,
8/19/2022,24,4.26,722.3,3076.998,77,,,,
8/19/2022,25,4.25,734.2,3120.35,77,,,,
8/19/2022,26,4.23,719.2,3042.216,77,,,,
8/19/2022,27,4.23,719.4,3043.062,77,,,,
8/19/2022,28,4.23,720.4,3047.292,77,,,,
8/19/2022,29,4.2,718.2,3016.44,77,,,,
8/19/2022,30,4.17,725.1,3023.667,77,,,,
8/19/2022,31,4.17,712.4,2970.708,77,,,,
8/19/2022,32,4.15,717.2,2976.38,77,,,,
8/19/2022,33,4.1,705.2,2891.32,77,,,,
8/19/2022,34,4.08,703.5,2870.28,77,,,,
8/19/2022,35,4.03,704.2,2837.926,77,,,,
8/19/2022,36,3.98,705.2,2806.696,77,,,,
8/19/2022,37,3.91,698.2,2729.962,77,,,,
8/19/2022,38,3.81,690.4,2630.424,77,,,,
8/19/2022,39,3.75,672.3,2521.125,77,,,,
8/19/2022,40,3.68,684.3,2518.224,77,,,,
8/19/2022,41,3.61,674.2,2433.862,77,,,,
8/19/2022,42,3.55,664.2,2357.91,77,,,,
8/19/2022,43,3.45,652.1,2249.745,77,,,,
8/19/2022,44,3.37,665.2,2241.724,77,,,,
8/19/2022,45,3.21,618.3,1984.743,77,,,,
8/19/2022,46,2.92,610.2,1781.784,77,,,,
8/19/2022,47,2.43,572.1,1390.203,77,,,,
8/19/2022,48,1.61,476.2,766.682,77,,,,
8/19/2022,49,0.87,384.2,334.254,77,,,,
8/20/2022,50,4.79,806.6,3863.614,78,2,,,
8/20/2022,51,4.69,794.2,3724.798,78,,,,
8/20/2022,52,4.61,782.1,3605.481,78,,,,
8/20/2022,53,4.57,778.2,3556.374,78,,,,
8/20/2022,54,4.53,774.2,3507.126,78,,,,
8/20/2022,55,4.52,768.2,3472.264,78,,,,
8/20/2022,56,4.52,742.1,3354.292,78,,,,
8/20/2022,57,4.5,745.2,3353.4,78,,,,
8/20/2022,58,4.45,752.3,3347.735,78,,,,
8/20/2022,59,4.47,752.1,3361.887,78,,,,
8/20/2022,60,4.44,754.3,3349.092,78,,,,
8/20/2022,61,4.45,743.2,3307.24,78,,,,
8/20/2022,62,4.43,752.3,3332.689,78,,,,
8/20/2022,63,4.43,742.1,3287.503,78,,,,
8/20/2022,64,4.45,782.1,3480.345,78,,,,
8/20/2022,65,4.46,762.3,3399.858,78,,,,
8/20/2022,66,4.43,752.3,3332.689,78,,,,
8/20/2022,67,4.46,738.7,3294.602,78,,,,
8/20/2022,68,4.43,762.8,3379.204,78,,,,
8/20/2022,69,4.41,737.4,3251.934,78,,,,
8/20/2022,70,4.44,753.2,3344.208,78,,,,
8/20/2022,71,4.41,743.2,3277.512,78,,,,
8/20/2022,72,4.42,750.3,3316.326,78,,,,
8/20/2022,73,4.39,747.3,3280.647,78,,,,
8/20/2022,74,4.4,763.2,3358.08,78,,,,
8/20/2022,75,4.38,742.3,3251.274,78,,,,
8/20/2022,76,4.37,756.3,3305.031,78,,,,
8/20/2022,77,4.36,743.8,3242.968,78,,,,
8/20/2022,78,4.34,734.2,3186.428,78,,,,
8/20/2022,79,4.33,733.6,3176.488,78,,,,
8/20/2022,80,4.3,736.2,3165.66,78,,,,
8/20/2022,81,4.28,756.2,3236.536,78,,,,
8/20/2022,82,4.26,731.3,3115.338,78,,,,
8/20/2022,83,4.21,746.8,3144.028,78,,,,
8/20/2022,84,4.15,716.3,2972.645,78,,,,
8/20/2022,85,4.08,719.2,2934.336,78,,,,
8/20/2022,86,4.04,717.2,2897.488,78,,,,
8/20/2022,87,3.99,718.3,2866.017,78,,,,
8/20/2022,88,3.91,682.3,2667.793,78,,,,
8/20/2022,89,3.83,708.2,2712.406,78,,,,
8/20/2022,90,3.77,693.2,2613.364,78,,,,
8/20/2022,91,3.66,674.3,2467.938,78,,,,
8/20/2022,92,3.57,674.2,2406.894,78,,,,
8/20/2022,93,3.43,660.3,2264.829,78,,,,
8/20/2022,94,3.04,630.2,1915.808,78,,,,
8/20/2022,95,2.28,537.6,1225.728,78,,,,
8/20/2022,96,1.3,440.2,572.26,78,,,,
8/20/2022,97,4.83,803.5,3880.905,80,3,,,
8/20/2022,98,4.61,793.4,3657.574,80,,,,
8/20/2022,99,4.61,773.4,3565.374,80,,,,
8/20/2022,100,4.57,779.5,3562.315,80,,,,
8/20/2022,101,4.54,774.3,3515.322,80,,,,
8/20/2022,102,4.54,765.2,3474.008,80,,,,
8/20/2022,103,4.53,766.8,3473.604,80,,,,
8/20/2022,104,4.51,762,3436.62,80,,,,
8/20/2022,105,4.5,764.2,3438.9,80,,,,
8/20/2022,106,4.49,760.2,3413.298,80,,,,
8/20/2022,107,4.49,759.8,3411.502,80,,,,
8/20/2022,108,4.49,751.6,3374.684,80,,,,
8/20/2022,109,4.48,752.3,3370.304,80,,,,
8/20/2022,110,4.48,753.2,3374.336,80,,,,
8/20/2022,111,4.48,754.5,3380.16,80,,,,
8/20/2022,112,4.48,756.2,3387.776,80,,,,
8/20/2022,113,4.49,753.5,3383.215,80,,,,
8/20/2022,114,4.48,751.9,3368.512,80,,,,
8/20/2022,115,4.47,750.2,3353.394,80,,,,
8/20/2022,116,4.47,756.5,3381.555,80,,,,
8/20/2022,117,4.47,756.3,3380.661,80,,,,
8/20/2022,118,4.45,750.3,3338.835,80,,,,
8/20/2022,119,4.45,752.3,3347.735,80,,,,
8/20/2022,120,4.44,748,3321.12,80,,,,
8/20/2022,121,4.42,749.2,3311.464,80,,,,
8/20/2022,123,4.41,747,3294.27,80,,,,
8/20/2022,124,4.41,746.3,3291.183,80,,,,
8/20/2022,125,4.4,745.3,3279.32,80,,,,
8/20/2022,126,4.4,704,3097.6,80,,,,
8/20/2022,127,4.39,705,3094.95,80,,,,
8/20/2022,128,4.38,702,3074.76,80,,,,
8/20/2022,129,4.37,704,3076.48,80,,,,
8/20/2022,130,4.3,701.1,3014.73,80,,,,
8/20/2022,131,4.26,695.8,2964.108,80,,,,
8/20/2022,132,4.22,693.2,2925.304,80,,,,
8/20/2022,133,4.15,689.3,2860.595,80,,,,
8/20/2022,134,4.08,684.1,2791.128,80,,,,
8/20/2022,135,4.01,687,2754.87,80,,,,
8/20/2022,136,3.91,669.4,2617.354,80,,,,
8/20/2022,137,3.81,657,2503.17,80,,,,
8/20/2022,138,3.72,649.2,2415.024,80,,,,
8/20/2022,139,3.69,639,2357.91,80,,,,
8/20/2022,140,3.61,633,2285.13,80,,,,
8/20/2022,141,3.41,620,2114.2,80,,,,
8/20/2022,142,2.67,530,1415.1,80,,,,
8/20/2022,143,2.12,543.5,1152.22,80,,,,
8/20/2022,144,1.27,455.5,578.485,80,,,,
8/21/2022,145,4.79,754.2,3612.618,73,4,,,
8/21/2022,146,4.65,755,3510.75,73,,,,
8/21/2022,147,4.61,749.4,3454.734,73,,,,
8/21/2022,148,4.58,745,3412.1,73,,,,
8/21/2022,149,4.53,739,3347.67,73,,,,
8/21/2022,150,4.52,738.7,3338.924,73,,,,
8/21/2022,151,4.51,737,3323.87,73,,,,
8/21/2022,152,4.51,735.7,3318.007,73,,,,
8/21/2022,153,4.5,733.1,3298.95,73,,,,
8/21/2022,154,4.5,732,3294,73,,,,
8/21/2022,155,4.49,731.5,3284.435,73,,,,
8/21/2022,156,4.49,732.1,3287.129,73,,,,
8/21/2022,157,4.49,732.2,3287.578,73,,,,
8/21/2022,158,4.49,732.1,3287.129,73,,,,
8/21/2022,159,4.49,732.6,3289.374,73,,,,
8/21/2022,160,4.48,731.2,3275.776,73,,,,
8/21/2022,161,4.48,730,3270.4,73,,,,
8/21/2022,162,4.48,728,3261.44,73,,,,
8/21/2022,163,4.47,729,3258.63,73,,,,
8/21/2022,164,4.46,727,3242.42,73,,,,
8/21/2022,165,4.45,727,3235.15,73,,,,
8/21/2022,166,4.44,728,3232.32,73,,,,
8/21/2022,167,4.44,725.2,3219.888,73,,,,
8/21/2022,168,4.43,725,3211.75,73,,,,
8/21/2022,169,4.41,724.8,3196.368,73,,,,
8/21/2022,170,4.4,724,3185.6,73,,,,
8/21/2022,171,4.4,725,3190,73,,,,
8/21/2022,172,4.38,721.5,3160.17,73,,,,
8/21/2022,173,4.32,719,3106.08,73,,,,
8/21/2022,174,4.32,714,3084.48,73,,,,
8/21/2022,175,4.3,712,3061.6,73,,,,
8/21/2022,176,4.22,708,2987.76,73,,,,
8/21/2022,177,4.13,702,2899.26,73,,,,
8/21/2022,178,4.08,695,2835.6,73,,,,
8/21/2022,179,4.06,692,2809.52,73,,,,
8/21/2022,180,4.04,694,2803.76,73,,,,
8/21/2022,181,3.94,686.7,2705.598,73,,,,
8/21/2022,182,3.89,676,2629.64,73,,,,
8/21/2022,183,3.75,672.5,2521.875,73,,,,
8/21/2022,184,3.31,630,2085.3,73,,,,
8/21/2022,185,2.5,557.1,1392.75,73,,,,
8/21/2022,186,1.34,481.4,645.076,73,,,,
8/21/2022,187,0.99,449.2,444.708,73,,,,
8/21/2022,188,4.8,778.3,3735.84,82,5,,,
8/21/2022,189,4.76,788.2,3751.832,82,,,,
8/21/2022,190,4.69,763.2,3579.408,82,,,,
8/21/2022,191,4.65,763.2,3548.88,82,,,,
8/21/2022,192,4.63,742.1,3435.923,82,,,,
8/21/2022,193,4.6,742.3,3414.58,82,,,,
8/21/2022,194,4.58,732.8,3356.224,82,,,,
8/21/2022,195,4.59,739.2,3392.928,82,,,,
8/21/2022,196,4.57,732.9,3349.353,82,,,,
8/21/2022,197,4.57,751.7,3435.269,82,,,,
8/21/2022,198,4.55,748.3,3404.765,82,,,,
8/21/2022,199,4.56,737.5,3363,82,,,,
8/21/2022,200,4.56,727.9,3319.224,82,,,,
8/21/2022,201,4.55,749.3,3409.315,82,,,,
8/21/2022,202,4.56,727.3,3316.488,82,,,,
8/21/2022,203,4.55,742.6,3378.83,82,,,,
8/21/2022,204,4.54,724.6,3289.684,82,,,,
8/21/2022,205,4.56,712.3,3248.088,82,,,,
8/21/2022,206,4.54,736.4,3343.256,82,,,,
8/21/2022,207,4.55,711.2,3235.96,82,,,,
8/21/2022,208,4.55,716.3,3259.165,82,,,,
8/21/2022,209,4.53,736.2,3334.986,82,,,,
8/21/2022,210,4.54,715.2,3247.008,82,,,,
8/21/2022,211,4.52,718.5,3247.62,82,,,,
8/21/2022,212,4.52,724.7,3275.644,82,,,,
8/21/2022,213,4.51,710.4,3203.904,82,,,,
8/21/2022,214,4.5,707.3,3182.85,82,,,,
8/21/2022,215,4.49,704.2,3161.858,82,,,,
8/21/2022,216,4.48,712.6,3192.448,82,,,,
8/21/2022,217,4.45,710.6,3162.17,82,,,,
8/21/2022,218,4.43,699.5,3098.785,82,,,,
8/21/2022,219,4.37,704.3,3077.791,82,,,,
8/21/2022,220,4.34,694.3,3013.262,82,,,,
8/21/2022,221,4.28,703.4,3010.552,82,,,,
8/21/2022,222,4.25,680.6,2892.55,82,,,,
8/21/2022,223,4.18,682.5,2852.85,82,,,,
8/21/2022,224,4.15,672.3,2790.045,82,,,,
8/21/2022,225,4.09,672.5,2750.525,82,,,,
8/21/2022,226,4.02,662.3,2662.446,82,,,,
8/21/2022,227,3.95,654.3,2584.485,82,,,,
8/21/2022,228,3.87,644.7,2494.989,82,,,,
8/21/2022,229,3.63,641.8,2329.734,82,,,,
8/21/2022,230,2.73,554.3,1513.239,82,,,,
8/21/2022,231,2.38,513.4,1221.892,82,,,,
8/21/2022,232,2.12,486.3,1030.956,82,,,,
8/21/2022,233,1.15,389.3,447.695,82,,,,
8/22/2022,234,4.74,770.4,3651.696,71,6,,,
8/22/2022,235,4.71,745.5,3511.305,71,,,,
8/22/2022,236,4.67,738.5,3448.795,71,,,,
8/22/2022,237,4.61,733.6,3381.896,71,,,,
8/22/2022,238,4.59,728,3341.52,71,,,,
8/22/2022,239,4.58,727.5,3331.95,71,,,,
8/22/2022,240,4.56,728.4,3321.504,71,,,,
8/22/2022,241,4.54,726.5,3298.31,71,,,,
8/22/2022,242,4.52,722.4,3265.248,71,,,,
8/22/2022,243,4.5,723.9,3257.55,71,,,,
8/22/2022,244,4.5,723.5,3255.75,71,,,,
8/22/2022,245,4.49,720.6,3235.494,71,,,,
8/22/2022,246,4.49,720.7,3235.943,71,,,,
8/22/2022,247,4.49,720.3,3234.147,71,,,,
8/22/2022,248,4.48,719.7,3224.256,71,,,,
8/22/2022,249,4.48,719.4,3222.912,71,,,,
8/22/2022,250,4.47,719.7,3217.059,71,,,,
8/22/2022,251,4.47,719.2,3214.824,71,,,,
8/22/2022,252,4.47,717.7,3208.119,71,,,,
8/22/2022,253,4.47,716.2,3201.414,71,,,,
8/22/2022,254,4.47,716.3,3201.861,71,,,,
8/22/2022,255,4.47,716.5,3202.755,71,,,,
8/22/2022,256,4.46,715.4,3190.684,71,,,,
8/22/2022,257,4.45,714.1,3177.745,71,,,,
8/22/2022,258,4.44,712.7,3164.388,71,,,,
8/22/2022,259,4.43,710.8,3148.844,71,,,,
8/22/2022,260,4.4,709.8,3123.12,71,,,,
8/22/2022,261,4.37,706.9,3089.153,71,,,,
8/22/2022,262,4.3,704,3027.2,71,,,,
8/22/2022,263,4.28,702.4,3006.272,71,,,,
8/22/2022,264,4.23,698.5,2954.655,71,,,,
8/22/2022,265,4.18,696,2909.28,71,,,,
8/22/2022,266,4.13,685,2829.05,71,,,,
8/22/2022,267,4.07,681.2,2772.484,71,,,,
8/22/2022,268,4.02,676.7,2720.334,71,,,,
8/22/2022,269,3.95,668.7,2641.365,71,,,,
8/22/2022,270,3.75,658,2467.5,71,,,,
8/22/2022,271,2.81,558,1567.98,71,,,,
8/22/2022,272,2.5,557,1392.5,71,,,,
8/22/2022,273,2.45,540.5,1324.225,71,,,,
8/22/2022,274,1.33,459,610.47,71,,,,
8/22/2022,275,0.99,404.5,400.455,71,,,,
8/22/2022,276,4.86,737.5,3584.25,78,7,,,
8/22/2022,277,4.72,712.6,3363.472,78,,,,
8/22/2022,278,4.67,717.2,3349.324,78,,,,
8/22/2022,279,4.64,710.3,3295.792,78,,,,
8/22/2022,280,4.61,709.3,3269.873,78,,,,
8/22/2022,281,4.59,692.3,3177.657,78,,,,
8/22/2022,282,4.58,706.3,3234.854,78,,,,
8/22/2022,283,4.55,719.4,3273.27,78,,,,
8/22/2022,284,4.54,721.3,3274.702,78,,,,
8/22/2022,285,4.54,723.6,3285.144,78,,,,
8/22/2022,286,4.54,724.8,3290.592,78,,,,
8/22/2022,287,4.52,719.5,3252.14,78,,,,
8/22/2022,289,4.53,731.6,3314.148,78,,,,
8/22/2022,290,4.52,717.9,3244.908,78,,,,
8/22/2022,291,4.51,718.5,3240.435,78,,,,
8/22/2022,292,4.53,717.8,3251.634,78,,,,
8/22/2022,293,4.52,719.3,3251.236,78,,,,
8/22/2022,294,4.51,724.6,3267.946,78,,,,
8/22/2022,295,4.51,715.8,3228.258,78,,,,
8/22/2022,296,4.51,719.5,3244.945,78,,,,
8/22/2022,297,4.51,715.3,3226.003,78,,,,
8/22/2022,298,4.5,720.1,3240.45,78,,,,
8/22/2022,299,4.5,731.7,3292.65,78,,,,
8/22/2022,300,4.48,715.8,3206.784,78,,,,
8/22/2022,301,4.48,718.4,3218.432,78,,,,
8/22/2022,302,4.45,711.9,3167.955,78,,,,
8/22/2022,303,4.44,711.3,3158.172,78,,,,
8/22/2022,304,4.42,709.8,3137.316,78,,,,
8/22/2022,305,4.41,724.6,3195.486,78,,,,
8/22/2022,306,4.37,707.9,3093.523,78,,,,
8/22/2022,307,4.35,713.2,3102.42,78,,,,
8/22/2022,308,4.29,702.6,3014.154,78,,,,
8/22/2022,309,4.27,705.3,3011.631,78,,,,
8/22/2022,310,4.21,704.2,2964.682,78,,,,
8/22/2022,311,4.17,691.7,2884.389,78,,,,
8/22/2022,312,4.08,698.3,2849.064,78,,,,
8/22/2022,313,4.04,682.3,2756.492,78,,,,
8/22/2022,314,3.99,677.3,2702.427,78,,,,
8/22/2022,315,3.9,673.5,2626.65,78,,,,
8/22/2022,316,3.73,652.3,2433.079,78,,,,
8/22/2022,317,2.66,552.8,1470.448,78,,,,
8/22/2022,318,2.25,517.4,1164.15,78,,,,
8/22/2022,319,1.24,413.2,512.368,78,,,,
8/22/2022,320,1.17,405.3,474.201,78,,,,
8/23/2022,321,4.74,773.6,3666.864,76,8,,,
8/23/2022,322,4.72,747.6,3528.672,76,,,,
8/23/2022,323,4.66,750.2,3495.932,76,,,,
8/23/2022,324,4.61,737.8,3401.258,76,,,,
8/23/2022,325,4.6,725.3,3336.38,76,,,,
8/23/2022,326,4.58,732.5,3354.85,76,,,,
8/23/2022,327,4.57,719.8,3289.486,76,,,,
8/23/2022,328,4.55,729.4,3318.77,76,,,,
8/23/2022,329,4.53,722.6,3273.378,76,,,,
8/23/2022,330,4.52,737.6,3333.952,76,,,,
8/23/2022,331,4.53,727.4,3295.122,76,,,,
8/23/2022,332,4.52,717.5,3243.1,76,,,,
8/23/2022,333,4.54,728.3,3306.482,76,,,,
8/23/2022,334,4.53,721.8,3269.754,76,,,,
8/23/2022,335,4.53,728.6,3300.558,76,,,,
8/23/2022,336,4.51,740.3,3338.753,76,,,,
8/23/2022,337,4.53,734.2,3325.926,76,,,,
8/23/2022,338,4.52,731.6,3306.832,76,,,,
8/23/2022,339,4.5,731.2,3290.4,76,,,,
8/23/2022,340,4.51,725.3,3271.103,76,,,,
8/23/2022,341,4.5,713.2,3209.4,76,,,,
8/23/2022,342,4.49,737.2,3310.028,76,,,,
8/23/2022,343,4.47,728.3,3255.501,76,,,,
8/23/2022,344,4.49,717.4,3221.126,76,,,,
8/23/2022,345,4.45,710.4,3161.28,76,,,,
8/23/2022,346,4.44,709.8,3151.512,76,,,,
8/23/2022,347,4.43,708.4,3138.212,76,,,,
8/23/2022,348,4.42,706.5,3122.73,76,,,,
8/23/2022,349,4.36,713.2,3109.552,76,,,,
8/23/2022,350,4.35,708.2,3080.67,76,,,,
8/23/2022,351,4.31,704.6,3036.826,76,,,,
8/23/2022,352,4.23,708.2,2995.686,76,,,,
8/23/2022,353,4.23,696.4,2945.772,76,,,,
8/23/2022,354,4.17,689.3,2874.381,76,,,,
8/23/2022,355,4.09,699.2,2859.728,76,,,,
8/23/2022,356,4.04,681.3,2752.452,76,,,,
8/23/2022,357,3.97,672.8,2671.016,76,,,,
8/23/2022,358,3.89,666.2,2591.518,76,,,,
8/23/2022,359,3.78,652.8,2467.584,76,,,,
8/23/2022,360,2.94,577.2,1696.968,76,,,,
8/23/2022,361,1.27,420.3,533.781,76,,,,
8/23/2022,362,1.22,408.3,498.126,76,,,,
8/24/2022,363,4.87,734.2,3575.554,80,9,,,
8/24/2022,364,4.72,737.2,3479.584,80,,,,
8/24/2022,365,4.64,739.2,3429.888,80,,,,
8/24/2022,366,4.65,784.3,3646.995,80,,,,
8/24/2022,367,4.61,726.3,3348.243,80,,,,
8/24/2022,368,4.56,724.3,3302.808,80,,,,
8/24/2022,369,4.55,737.2,3354.26,80,,,,
8/24/2022,370,4.57,721.3,3296.341,80,,,,
8/24/2022,371,4.56,728.3,3321.048,80,,,,
8/24/2022,372,4.55,758.3,3450.265,80,,,,
8/24/2022,373,4.54,729.3,3311.022,80,,,,
8/24/2022,374,4.53,715.6,3241.668,80,,,,
8/24/2022,375,4.51,724.5,3267.495,80,,,,
8/24/2022,376,4.53,742.5,3363.525,80,,,,
8/24/2022,377,4.51,739.2,3333.792,80,,,,
8/24/2022,378,4.52,725.4,3278.808,80,,,,
8/24/2022,379,4.5,724.3,3259.35,80,,,,
8/24/2022,380,4.49,721.3,3238.637,80,,,,
8/24/2022,381,4.41,722.4,3185.784,80,,,,
8/24/2022,382,4.47,713.2,3188.004,80,,,,
8/24/2022,383,4.46,712.5,3177.75,80,,,,
8/24/2022,384,4.48,711.2,3186.176,80,,,,
8/24/2022,385,4.44,710.3,3153.732,80,,,,
8/24/2022,386,4.45,709.5,3157.275,80,,,,
8/24/2022,387,4.44,716.3,3180.372,80,,,,
8/24/2022,388,4.41,710.5,3133.305,80,,,,
8/24/2022,389,4.4,708.5,3117.4,80,,,,
8/24/2022,390,4.37,707.2,3090.464,80,,,,
8/24/2022,391,4.38,705.2,3088.776,80,,,,
8/24/2022,392,4.36,712.5,3106.5,80,,,,
8/24/2022,393,4.32,699.8,3023.136,80,,,,
8/24/2022,394,4.26,695.2,2961.552,80,,,,
8/24/2022,395,4.23,694.2,2936.466,80,,,,
8/24/2022,396,4.17,689.5,2875.215,80,,,,
8/24/2022,397,4.08,685.3,2796.024,80,,,,
8/24/2022,398,4.05,682.4,2763.72,80,,,,
8/24/2022,399,3.97,692.3,2748.431,80,,,,
8/24/2022,400,3.91,672.3,2628.693,80,,,,
8/24/2022,401,3.79,657.2,2490.788,80,,,,
8/24/2022,402,3.4,313.5,1065.9,80,,,,
8/25/2022,403,4.83,794.2,3835.986,73,10,,,
8/25/2022,404,4.73,757.5,3582.975,73,,,,
8/25/2022,405,4.69,750.3,3518.907,73,,,,
8/25/2022,406,4.64,748.3,3472.112,73,,,,
8/25/2022,407,4.58,735.4,3368.132,73,,,,
8/25/2022,408,4.57,737.5,3370.375,73,,,,
8/25/2022,409,4.53,728.3,3299.199,73,,,,
8/25/2022,410,4.51,728,3283.28,73,,,,
8/25/2022,411,4.51,727.6,3281.476,73,,,,
8/25/2022,412,4.51,726.9,3278.319,73,,,,
8/25/2022,413,4.51,726.3,3275.613,73,,,,
8/25/2022,414,4.51,726.5,3276.515,73,,,,
8/25/2022,415,4.51,727,3278.77,73,,,,
8/25/2022,416,4.5,726.3,3268.35,73,,,,
8/25/2022,417,4.5,725,3262.5,73,,,,
8/25/2022,418,4.5,724.9,3262.05,73,,,,
8/25/2022,419,4.5,724,3258,73,,,,
8/25/2022,420,4.5,724,3258,73,,,,
8/25/2022,421,4.5,723,3253.5,73,,,,
8/25/2022,422,4.49,723.5,3248.515,73,,,,
8/25/2022,423,4.48,722,3234.56,73,,,,
8/25/2022,424,4.47,722.3,3228.681,73,,,,
8/25/2022,425,4.46,720.4,3212.984,73,,,,
8/25/2022,426,4.45,719.5,3201.775,73,,,,
8/25/2022,427,4.43,717.5,3178.525,73,,,,
8/25/2022,428,4.43,716.5,3174.095,73,,,,
8/25/2022,429,4.4,715.5,3148.2,73,,,,
8/25/2022,430,4.39,713.4,3131.826,73,,,,
8/25/2022,431,4.35,710.6,3091.11,73,,,,
8/25/2022,432,4.3,707.8,3043.54,73,,,,
8/25/2022,433,4.27,704.5,3008.215,73,,,,
8/25/2022,434,4.2,699.3,2937.06,73,,,,
8/25/2022,435,4.13,698.3,2883.979,73,,,,
8/25/2022,436,4.1,696.8,2856.88,73,,,,
8/25/2022,437,4.03,689.3,2777.879,73,,,,
8/25/2022,438,3.98,685.2,2727.096,73,,,,
8/25/2022,439,3.87,682.4,2640.888,73,,,,
8/25/2022,440,3.8,673.7,2560.06,73,,,,
8/25/2022,441,3.59,652.4,2342.116,73,,,,
8/25/2022,442,2.08,524,1089.92,73,,,,
8/25/2022,443,0.98,421,412.58,73,,,,
8/25/2022,444,4.8,763.2,3663.36,75,11,,,
8/25/2022,445,4.72,740.2,3493.744,75,,,,
8/25/2022,446,4.66,753.2,3509.912,75,,,,
8/25/2022,447,4.62,741.5,3425.73,75,,,,
8/25/2022,448,4.57,739.5,3379.515,75,,,,
8/25/2022,449,4.55,733.2,3336.06,75,,,,
8/25/2022,450,4.55,738.5,3360.175,75,,,,
8/25/2022,451,4.54,721.5,3275.61,75,,,,
8/25/2022,452,4.54,729.3,3311.022,75,,,,
8/25/2022,453,4.53,723.5,3277.455,75,,,,
8/25/2022,454,4.53,719.5,3259.335,75,,,,
8/25/2022,455,4.53,723.6,3277.908,75,,,,
8/25/2022,456,4.52,721.7,3262.084,75,,,,
8/25/2022,457,4.53,719.2,3257.976,75,,,,
8/25/2022,458,4.52,721.5,3261.18,75,,,,
8/25/2022,459,4.52,718.9,3249.428,75,,,,
8/25/2022,460,4.51,718.6,3240.886,75,,,,
8/25/2022,461,4.51,719.4,3244.494,75,,,,
8/25/2022,462,4.51,718.4,3239.984,75,,,,
8/25/2022,463,4.51,719.5,3244.945,75,,,,
8/25/2022,464,4.5,716.8,3225.6,75,,,,
8/25/2022,465,4.5,717.2,3227.4,75,,,,
8/25/2022,466,4.49,715.6,3213.044,75,,,,
8/25/2022,467,4.48,713.8,3197.824,75,,,,
8/25/2022,468,4.45,719.2,3200.44,75,,,,
8/25/2022,469,4.44,712.6,3163.944,75,,,,
8/25/2022,470,4.41,712.4,3141.684,75,,,,
8/25/2022,471,4.38,709.5,3107.61,75,,,,
8/25/2022,472,4.35,715.2,3111.12,75,,,,
8/25/2022,473,4.3,701.5,3016.45,75,,,,
8/25/2022,474,4.26,697.5,2971.35,75,,,,
8/25/2022,475,4.22,697.4,2943.028,75,,,,
8/25/2022,476,4.16,688.4,2863.744,75,,,,
8/25/2022,477,4.1,691.8,2836.38,75,,,,
8/25/2022,478,4.05,679.4,2751.57,75,,,,
8/25/2022,479,4,686.5,2746,75,,,,
8/25/2022,480,3.89,667.2,2595.408,75,,,,
8/25/2022,481,3.77,657.2,2477.644,75,,,,
8/25/2022,482,3.57,637.5,2275.875,75,,,,
8/25/2022,483,2.29,532.1,1218.509,75,,,,
8/25/2022,484,1.25,408.5,510.625,75,,,,
8/26/2022,485,4.75,761.5,3617.125,74,12,,,
8/26/2022,486,4.73,752.8,3560.744,74,,,,
8/26/2022,487,4.66,758.4,3534.144,74,,,,
8/26/2022,488,4.62,747.6,3453.912,74,,,,
8/26/2022,489,4.58,742.5,3400.65,74,,,,
8/26/2022,490,4.56,739.8,3373.488,74,,,,
8/26/2022,491,4.55,730.5,3323.775,74,,,,
8/26/2022,492,4.55,747.2,3399.76,74,,,,
8/26/2022,493,4.53,740.2,3353.106,74,,,,
8/26/2022,494,4.53,734.2,3325.926,74,,,,
8/26/2022,495,4.52,726.5,3283.78,74,,,,
8/26/2022,496,4.54,712.4,3234.296,74,,,,
8/26/2022,497,4.55,716.5,3260.075,74,,,,
8/26/2022,498,4.55,723.5,3291.925,74,,,,
8/26/2022,499,4.53,720.4,3263.412,74,,,,
8/26/2022,500,4.5,716.8,3225.6,74,,,,
8/26/2022,501,4.52,723.4,3269.768,74,,,,
8/26/2022,502,4.51,718.4,3239.984,74,,,,
8/26/2022,503,4.53,722.9,3274.737,74,,,,
8/26/2022,504,4.5,726.3,3268.35,74,,,,
8/26/2022,505,4.51,717.9,3237.729,74,,,,
8/26/2022,506,4.48,712.5,3192,74,,,,
8/26/2022,507,4.49,713.4,3203.166,74,,,,
8/26/2022,508,4.46,713.8,3183.548,74,,,,
8/26/2022,509,4.47,718.2,3210.354,74,,,,
8/26/2022,510,4.42,712.8,3150.576,74,,,,
8/26/2022,511,4.41,709.6,3129.336,74,,,,
8/26/2022,512,4.4,707.5,3113,74,,,,
8/26/2022,513,4.37,707.2,3090.464,74,,,,
8/26/2022,514,4.33,704.1,3048.753,74,,,,
8/26/2022,515,4.27,701.8,2996.686,74,,,,
8/26/2022,516,4.22,694.3,2929.946,74,,,,
8/26/2022,517,4.17,687.2,2865.624,74,,,,
8/26/2022,518,4.11,684.8,2814.528,74,,,,
8/26/2022,519,4.04,679.4,2744.776,74,,,,
8/26/2022,520,3.98,675.4,2688.092,74,,,,
8/26/2022,521,3.91,672.4,2629.084,74,,,,
8/26/2022,522,3.76,664.3,2497.768,74,,,,
8/26/2022,523,2.55,550.8,1404.54,74,,,,
8/26/2022,524,2.07,478.2,989.874,74,,,,
8/26/2022,525,1.16,463.1,537.196,74,,,,
8/27/2022,526,4.78,757.4,3620.372,80,13,,,
8/27/2022,527,4.77,758.5,3618.045,80,,,,
8/27/2022,528,4.73,745.7,3527.161,80,,,,
8/27/2022,529,4.67,735,3432.45,80,,,,
8/27/2022,530,4.64,735.7,3413.648,80,,,,
8/27/2022,531,4.61,730.7,3368.527,80,,,,
8/27/2022,532,4.59,729.5,3348.405,80,,,,
8/27/2022,533,4.59,728.6,3344.274,80,,,,
8/27/2022,534,4.58,725.4,3322.332,80,,,,
8/27/2022,535,4.57,724.5,3310.965,80,,,,
8/27/2022,536,4.57,723.9,3308.223,80,,,,
8/27/2022,537,4.56,720.9,3287.304,80,,,,
8/27/2022,538,4.56,719.4,3280.464,80,,,,
8/27/2022,539,4.56,719.3,3280.008,80,,,,
8/27/2022,540,4.55,718.4,3268.72,80,,,,
8/27/2022,541,4.55,718.2,3267.81,80,,,,
8/27/2022,542,4.55,717.5,3264.625,80,,,,
8/27/2022,543,4.55,717,3262.35,80,,,,
8/27/2022,544,4.54,717.4,3256.996,80,,,,
8/27/2022,545,4.54,717.5,3257.45,80,,,,
8/27/2022,546,4.53,717.4,3249.822,80,,,,
8/27/2022,547,4.53,717.5,3250.275,80,,,,
8/27/2022,548,4.52,718,3245.36,80,,,,
8/27/2022,549,4.51,717,3233.67,80,,,,
8/27/2022,550,4.51,716.9,3233.219,80,,,,
8/27/2022,551,4.5,716.2,3222.9,80,,,,
8/27/2022,552,4.49,715,3210.35,80,,,,
8/27/2022,553,4.44,714.6,3172.824,80,,,,
8/27/2022,554,4.41,713.5,3146.535,80,,,,
8/27/2022,555,4.37,708,3093.96,80,,,,
8/27/2022,556,4.34,705.3,3061.002,80,,,,
8/27/2022,557,4.29,702.4,3013.296,80,,,,
8/27/2022,558,4.24,698.5,2961.64,80,,,,
8/27/2022,559,4.19,694.3,2909.117,80,,,,
8/27/2022,560,4.14,693,2869.02,80,,,,
8/27/2022,561,4.08,685.6,2797.248,80,,,,
8/27/2022,562,3.99,680.5,2715.195,80,,,,
8/27/2022,563,3.53,657,2319.21,80,,,,
8/27/2022,564,2.6,556.7,1447.42,80,,,,
8/27/2022,565,2.51,551,1383.01,80,,,,
8/27/2022,566,2.4,540.5,1297.2,80,,,,
8/27/2022,567,1.16,448,519.68,80,,,,
8/27/2022,568,4.74,723.5,3429.39,72,14,,,
8/27/2022,569,4.76,731.7,3482.892,72,,,,
8/27/2022,570,4.66,735.4,3426.964,72,,,,
8/27/2022,571,4.62,732.8,3385.536,72,,,,
8/27/2022,572,4.58,728.4,3336.072,72,,,,
8/27/2022,573,4.57,722.5,3301.825,72,,,,
8/27/2022,574,4.56,714.3,3257.208,72,,,,
8/27/2022,575,4.56,716.4,3266.784,72,,,,
8/27/2022,576,4.55,717.5,3264.625,72,,,,
8/27/2022,577,4.57,716.8,3275.776,72,,,,
8/27/2022,578,4.55,716.2,3258.71,72,,,,
8/27/2022,579,4.56,728.9,3323.784,72,,,,
8/27/2022,580,4.55,717.4,3264.17,72,,,,
8/27/2022,581,4.57,715.2,3268.464,72,,,,
8/27/2022,582,4.55,722.4,3286.92,72,,,,
8/27/2022,583,4.56,721.9,3291.864,72,,,,
8/27/2022,584,4.53,727.4,3295.122,72,,,,
8/27/2022,585,4.54,715.7,3249.278,72,,,,
8/27/2022,586,4.52,712.5,3220.5,72,,,,
8/27/2022,587,4.52,724.3,3273.836,72,,,,
8/27/2022,588,4.54,711.2,3228.848,72,,,,
8/27/2022,589,4.51,723.8,3264.338,72,,,,
8/27/2022,590,4.51,710.4,3203.904,72,,,,
8/27/2022,591,4.5,712.7,3207.15,72,,,,
8/27/2022,592,4.49,707.3,3175.777,72,,,,
8/27/2022,593,4.44,705.6,3132.864,72,,,,
8/27/2022,594,4.42,703.9,3111.238,72,,,,
8/27/2022,595,4.38,702.6,3077.388,72,,,,
8/27/2022,596,4.34,697.5,3027.15,72,,,,
8/27/2022,597,4.31,701.4,3023.034,72,,,,
8/27/2022,598,4.26,692.8,2951.328,72,,,,
8/27/2022,599,4.22,694.6,2931.212,72,,,,
8/27/2022,600,4.16,684.7,2848.352,72,,,,
8/27/2022,601,4.07,687.2,2796.904,72,,,,
8/27/2022,602,4.01,680.4,2728.404,72,,,,
8/27/2022,603,3.61,653.2,2358.052,72,,,,
8/27/2022,604,2.63,554.7,1458.861,72,,,,
8/27/2022,605,2.54,542.9,1378.966,72,,,,
8/27/2022,606,2.4,531.8,1276.32,72,,,,
8/27/2022,607,1.87,462.1,864.127,72,,,,
8/28/2022,608,4.86,764.3,3714.498,71,15,,,
8/28/2022,609,4.77,756.5,3608.505,71,,,,
8/28/2022,610,4.72,750.4,3541.888,71,,,,
8/28/2022,611,4.68,740.9,3467.412,71,,,,
8/28/2022,612,4.64,740.4,3435.456,71,,,,
8/28/2022,613,4.62,732.5,3384.15,71,,,,
8/28/2022,614,4.59,730.1,3351.159,71,,,,
8/28/2022,615,4.58,729.6,3341.568,71,,,,
8/28/2022,616,4.57,729,3331.53,71,,,,
8/28/2022,617,4.57,727,3322.39,71,,,,
8/28/2022,618,4.57,719,3285.83,71,,,,
8/28/2022,619,4.56,715.3,3261.768,71,,,,
8/28/2022,620,4.56,714.8,3259.488,71,,,,
8/28/2022,621,4.56,714.8,3259.488,71,,,,
8/28/2022,622,4.56,718.4,3275.904,71,,,,
8/28/2022,623,4.56,717.9,3273.624,71,,,,
8/28/2022,624,4.55,717.6,3265.08,71,,,,
8/28/2022,625,4.54,717.2,3256.088,71,,,,
8/28/2022,626,4.54,716.9,3254.726,71,,,,
8/28/2022,627,4.54,716.4,3252.456,71,,,,
8/28/2022,628,4.53,716.7,3246.651,71,,,,
8/28/2022,629,4.52,715.7,3234.964,71,,,,
8/28/2022,630,4.51,714.2,3221.042,71,,,,
8/28/2022,631,4.51,713.8,3219.238,71,,,,
8/28/2022,632,4.49,712.9,3200.921,71,,,,
8/28/2022,633,4.46,712.5,3177.75,71,,,,
8/28/2022,634,4.43,710.4,3147.072,71,,,,
8/28/2022,635,4.39,708.8,3111.632,71,,,,
8/28/2022,636,4.34,706,3064.04,71,,,,
8/28/2022,637,4.29,696.5,2987.985,71,,,,
8/28/2022,638,4.24,695.4,2948.496,71,,,,
8/28/2022,639,4.22,693.1,2924.882,71,,,,
8/28/2022,640,4.16,687.6,2860.416,71,,,,
8/28/2022,641,4.02,676,2717.52,71,,,,
8/28/2022,642,2.84,545,1547.8,71,,,,
8/28/2022,643,2.68,555.6,1489.008,71,,,,
8/28/2022,644,2.67,551.2,1471.704,71,,,,
8/28/2022,645,2.57,545.6,1402.192,71,,,,
8/28/2022,646,2.25,511.5,1150.875,71,,,,
8/28/2022,647,0.99,408.5,404.415,71,,,,
8/28/2022,648,4.79,752.3,3603.517,75,16,,,
8/28/2022,649,4.7,761.3,3578.11,75,,,,
8/28/2022,650,4.65,736.2,3423.33,75,,,,
8/28/2022,651,4.62,745.3,3443.286,75,,,,
8/28/2022,652,4.59,731.2,3356.208,75,,,,
8/28/2022,653,4.58,732.5,3354.85,75,,,,
8/28/2022,654,4.56,728.4,3321.504,75,,,,
8/28/2022,655,4.57,734.5,3356.665,75,,,,
8/28/2022,656,4.56,731.4,3335.184,75,,,,
8/28/2022,657,4.55,726.4,3305.12,75,,,,
8/28/2022,658,4.56,726.3,3311.928,75,,,,
8/28/2022,659,4.55,731.5,3328.325,75,,,,
8/28/2022,660,4.55,737.5,3355.625,75,,,,
8/28/2022,661,4.55,726.4,3305.12,75,,,,
8/28/2022,662,4.54,723.8,3286.052,75,,,,
8/28/2022,663,4.55,725.6,3301.48,75,,,,
8/28/2022,664,4.54,725.4,3293.316,75,,,,
8/28/2022,665,4.53,724.6,3282.438,75,,,,
8/28/2022,666,4.52,723.9,3272.028,75,,,,
8/28/2022,667,4.51,734.2,3311.242,75,,,,
8/28/2022,668,4.51,722.6,3258.926,75,,,,
8/28/2022,669,4.52,720.6,3257.112,75,,,,
8/28/2022,670,4.47,718.3,3210.801,75,,,,
8/28/2022,671,4.45,724.8,3225.36,75,,,,
8/28/2022,672,4.43,714.8,3166.564,75,,,,
8/28/2022,673,4.41,712.8,3143.448,75,,,,
8/28/2022,674,4.37,713.2,3116.684,75,,,,
8/28/2022,675,4.31,706.5,3045.015,75,,,,
8/28/2022,676,4.29,701.9,3011.151,75,,,,
8/28/2022,677,4.23,706.5,2988.495,75,,,,
8/28/2022,678,4.18,699.7,2924.746,75,,,,
8/28/2022,679,4.08,694.3,2832.744,75,,,,
8/28/2022,680,3.97,695.8,2762.326,75,,,,
8/28/2022,681,2.78,587.2,1632.416,75,,,,
8/28/2022,682,2.68,564.8,1513.664,75,,,,
8/28/2022,683,2.59,559.2,1448.328,75,,,,
8/28/2022,684,2.48,547.1,1356.808,75,,,,
8/28/2022,685,2.01,518.2,1041.582,75,,,,
8/29/2022,686,4.87,752.4,3664.188,71,17,,,
8/29/2022,687,4.81,743.4,3575.754,71,,,,
8/29/2022,688,4.72,743.5,3509.32,71,,,,
8/29/2022,689,4.68,744.5,3484.26,71,,,,
8/29/2022,690,4.64,738.5,3426.64,71,,,,
8/29/2022,691,4.61,735.6,3391.116,71,,,,
8/29/2022,692,4.6,731.8,3366.28,71,,,,
8/29/2022,693,4.58,727,3329.66,71,,,,
8/29/2022,694,4.57,725.7,3316.449,71,,,,
8/29/2022,695,4.57,726.1,3318.277,71,,,,
8/29/2022,696,4.57,724.5,3310.965,71,,,,
8/29/2022,697,4.55,722.5,3287.375,71,,,,
8/29/2022,698,4.54,721.8,3276.972,71,,,,
8/29/2022,699,4.54,721.2,3274.248,71,,,,
8/29/2022,700,4.54,721.5,3275.61,71,,,,
8/29/2022,701,4.54,721.1,3273.794,71,,,,
8/29/2022,702,4.54,720.5,3271.07,71,,,,
8/29/2022,703,4.53,719.4,3258.882,71,,,,
8/29/2022,704,4.53,718.4,3254.352,71,,,,
8/29/2022,705,4.53,718.2,3253.446,71,,,,
8/29/2022,706,4.52,717.9,3244.908,71,,,,
8/29/2022,707,4.51,717.7,3236.827,71,,,,
8/29/2022,708,4.51,716.9,3233.219,71,,,,
8/29/2022,709,4.49,715.4,3212.146,71,,,,
8/29/2022,710,4.48,714.8,3202.304,71,,,,
8/29/2022,711,4.44,713.7,3168.828,71,,,,
8/29/2022,712,4.4,712.9,3136.76,71,,,,
8/29/2022,713,4.35,705.5,3068.925,71,,,,
8/29/2022,714,4.3,702.8,3022.04,71,,,,
8/29/2022,715,4.25,702.4,2985.2,71,,,,
8/29/2022,716,4.22,697.4,2943.028,71,,,,
8/29/2022,717,4.16,694.2,2887.872,71,,,,
8/29/2022,718,4.09,688,2813.92,71,,,,
8/29/2022,719,3.87,680.5,2633.535,71,,,,
8/29/2022,720,2.7,574,1549.8,71,,,,
8/29/2022,721,2.63,562.4,1479.112,71,,,,
8/29/2022,722,2.55,555,1415.25,71,,,,
8/29/2022,723,1.62,485,785.7,71,,,,
8/29/2022,724,1.19,463,550.97,71,,,,
8/29/2022,725,1.03,430,442.9,71,,,,
8/29/2022,726,0.87,360,313.2,71,,,,
8/29/2022,727,4.79,754.3,3613.097,74,18,,,
8/29/2022,728,4.73,743.5,3516.755,74,,,,
8/29/2022,729,4.69,742.8,3483.732,74,,,,
8/29/2022,730,4.64,440.6,2044.384,74,,,,
8/29/2022,731,4.62,736.4,3402.168,74,,,,
8/29/2022,732,4.61,741.8,3419.698,74,,,,
8/29/2022,733,4.6,739.5,3401.7,74,,,,
8/29/2022,734,4.61,737.4,3399.414,74,,,,
8/29/2022,735,4.58,736.2,3371.796,74,,,,
8/29/2022,736,4.59,738.9,3391.551,74,,,,
8/29/2022,737,4.58,733.4,3358.972,74,,,,
8/29/2022,738,4.59,730.4,3352.536,74,,,,
8/29/2022,739,4.58,721.6,3304.928,74,,,,
8/29/2022,740,4.57,719.5,3288.115,74,,,,
8/29/2022,741,4.57,721.3,3296.341,74,,,,
8/29/2022,742,4.57,718.3,3282.631,74,,,,
8/29/2022,743,4.56,722.5,3294.6,74,,,,
8/29/2022,744,4.55,713.8,3247.79,74,,,,
8/29/2022,745,4.54,721.6,3276.064,74,,,,
8/29/2022,746,4.54,718.2,3260.628,74,,,,
8/29/2022,747,4.52,718.5,3247.62,74,,,,
8/29/2022,748,4.53,715.9,3243.027,74,,,,
8/29/2022,749,4.5,723.1,3253.95,74,,,,
8/29/2022,750,4.47,721.6,3225.552,74,,,,
8/29/2022,751,4.46,717.2,3198.712,74,,,,
8/29/2022,752,4.41,715.7,3156.237,74,,,,
8/29/2022,753,4.38,709.4,3107.172,74,,,,
8/29/2022,754,4.33,705.9,3056.547,74,,,,
8/29/2022,755,4.26,701.3,2987.538,74,,,,
8/29/2022,756,4.23,698.2,2953.386,74,,,,
8/29/2022,757,4.21,691.3,2910.373,74,,,,
8/29/2022,758,4.12,689.6,2841.152,74,,,,
8/29/2022,759,4.05,683.1,2766.555,74,,,,
8/29/2022,760,3.81,653.2,2488.692,74,,,,
8/29/2022,761,2.73,557.3,1521.429,74,,,,
8/29/2022,762,2.53,549.1,1389.223,74,,,,
8/29/2022,763,1.79,563.2,1008.128,74,,,,
8/29/2022,764,1.19,462.1,549.899,74,,,,
8/30/2022,765,4.79,740.6,3547.474,81,19,,,
8/30/2022,766,4.73,752.1,3557.433,81,,,,
8/30/2022,767,4.72,738.4,3485.248,81,,,,
8/30/2022,768,4.64,743.1,3447.984,81,,,,
8/30/2022,769,4.61,744.9,3433.989,81,,,,
8/30/2022,770,4.61,741.2,3416.932,81,,,,
8/30/2022,771,4.56,736.1,3356.616,81,,,,
8/30/2022,772,4.57,728.6,3329.702,81,,,,
8/30/2022,773,4.55,721.6,3283.28,81,,,,
8/30/2022,774,4.54,722.8,3281.512,81,,,,
8/30/2022,775,4.56,719.5,3280.92,81,,,,
8/30/2022,776,4.55,720.1,3276.455,81,,,,
8/30/2022,777,4.54,717.6,3257.904,81,,,,
8/30/2022,778,4.54,716.3,3252.002,81,,,,
8/30/2022,779,4.53,719.2,3257.976,81,,,,
8/30/2022,780,4.54,723.4,3284.236,81,,,,
8/30/2022,781,4.53,715.4,3240.762,81,,,,
8/30/2022,782,4.52,714.3,3228.636,81,,,,
8/30/2022,783,4.51,718.4,3239.984,81,,,,
8/30/2022,784,4.53,719.8,3260.694,81,,,,
8/30/2022,785,4.51,717.3,3235.023,81,,,,
8/30/2022,786,4.5,718.4,3232.8,81,,,,
8/30/2022,787,4.48,713.4,3196.032,81,,,,
8/30/2022,788,4.47,712.9,3186.663,81,,,,
8/30/2022,789,4.45,706.3,3143.035,81,,,,
8/30/2022,790,4.42,708.6,3132.012,81,,,,
8/30/2022,791,4.41,706.4,3115.224,81,,,,
8/30/2022,792,4.34,704.1,3055.794,81,,,,
8/30/2022,793,4.31,701.2,3022.172,81,,,,
8/30/2022,794,4.25,697.2,2963.1,81,,,,
8/30/2022,795,4.2,693.4,2912.28,81,,,,
8/30/2022,796,4.15,690.8,2866.82,81,,,,
8/30/2022,797,4.11,689.4,2833.434,81,,,,
8/30/2022,798,4.04,687.3,2776.692,81,,,,
8/30/2022,799,3.81,678.2,2583.942,81,,,,
8/30/2022,800,2.66,621.4,1652.924,81,,,,
8/30/2022,801,2.59,554.3,1435.637,81,,,,
8/30/2022,802,2.5,548.7,1371.75,81,,,,
8/30/2022,803,1.64,523.9,859.196,81,,,,
8/31/2022,804,4.79,750.2,3593.458,72,20,,,
8/31/2022,805,4.75,731.2,3473.2,72,,,,
8/31/2022,806,4.69,726.5,3407.285,72,,,,
8/31/2022,807,4.65,724.9,3370.785,72,,,,
8/31/2022,808,4.62,718.4,3319.008,72,,,,
8/31/2022,809,4.61,716.7,3303.987,72,,,,
8/31/2022,810,4.59,711.3,3264.867,72,,,,
8/31/2022,811,4.58,709.5,3249.51,72,,,,
8/31/2022,812,4.57,705.8,3225.506,72,,,,
8/31/2022,813,4.57,703.9,3216.823,72,,,,
8/31/2022,814,4.57,706.4,3228.248,72,,,,
8/31/2022,815,4.56,700.1,3192.456,72,,,,
8/31/2022,816,4.55,713.5,3246.425,72,,,,
8/31/2022,817,4.55,713.9,3248.245,72,,,,
8/31/2022,818,4.54,712.3,3233.842,72,,,,
8/31/2022,819,4.54,713.5,3239.29,72,,,,
8/31/2022,820,4.54,711.2,3228.848,72,,,,
8/31/2022,821,4.53,712.4,3227.172,72,,,,
8/31/2022,822,4.52,710.5,3211.46,72,,,,
8/31/2022,823,4.52,709.8,3208.296,72,,,,
8/31/2022,824,4.52,709.5,3206.94,72,,,,
8/31/2022,825,4.51,710.6,3204.806,72,,,,
8/31/2022,826,4.49,708.5,3181.165,72,,,,
8/31/2022,827,4.45,705.9,3141.255,72,,,,
8/31/2022,828,4.42,701.6,3101.072,72,,,,
8/31/2022,829,4.4,700.2,3080.88,72,,,,
8/31/2022,830,4.37,697.8,3049.386,72,,,,
8/31/2022,831,4.32,691.5,2987.28,72,,,,
8/31/2022,832,4.29,692.3,2969.967,72,,,,
8/31/2022,833,4.23,688.9,2914.047,72,,,,
8/31/2022,834,4.18,681.4,2848.252,72,,,,
8/31/2022,835,4.12,679.5,2799.54,72,,,,
8/31/2022,836,3.84,652.4,2505.216,72,,,,
8/31/2022,837,2.77,558.4,1546.768,72,,,,
8/31/2022,838,2.72,556.8,1514.496,72,,,,
8/31/2022,839,2.67,551.3,1471.971,72,,,,
8/31/2022,840,2.58,548.8,1415.904,72,,,,
8/31/2022,841,1.77,462.1,817.917,72,,,,
9/1/2022,842,4.87,756.4,3683.668,72,21,,,
9/1/2022,843,4.76,750.3,3571.428,72,,,,
9/1/2022,844,4.71,750.5,3534.855,72,,,,
9/1/2022,845,4.66,736.5,3432.09,72,,,,
9/1/2022,846,4.64,735.4,3412.256,72,,,,
9/1/2022,847,4.61,730.4,3367.144,72,,,,
9/1/2022,848,4.59,727.8,3340.602,72,,,,
9/1/2022,849,4.58,726.4,3326.912,72,,,,
9/1/2022,850,4.57,724.2,3309.594,72,,,,
9/1/2022,851,4.56,723.5,3299.16,72,,,,
9/1/2022,852,4.56,723.7,3300.072,72,,,,
9/1/2022,853,4.56,722.6,3295.056,72,,,,
9/1/2022,854,4.56,722.3,3293.688,72,,,,
9/1/2022,855,4.55,721,3280.55,72,,,,
9/1/2022,856,4.54,721.8,3276.972,72,,,,
9/1/2022,857,4.54,721.2,3274.248,72,,,,
9/1/2022,858,4.53,720.5,3263.865,72,,,,
9/1/2022,859,4.53,720.2,3262.506,72,,,,
9/1/2022,860,4.53,720.3,3262.959,72,,,,
9/1/2022,861,4.52,719.6,3252.592,72,,,,
9/1/2022,862,4.51,719.8,3246.298,72,,,,
9/1/2022,863,4.5,718.6,3233.7,72,,,,
9/1/2022,864,4.48,718,3216.64,72,,,,
9/1/2022,865,4.44,716.5,3181.26,72,,,,
9/1/2022,866,4.43,712.3,3155.489,72,,,,
9/1/2022,867,4.4,710.4,3125.76,72,,,,
9/1/2022,868,4.36,707.4,3084.264,72,,,,
9/1/2022,869,4.31,705.3,3039.843,72,,,,
9/1/2022,870,4.26,703.3,2996.058,72,,,,
9/1/2022,871,4.22,698.5,2947.67,72,,,,
9/1/2022,872,4.17,695.3,2899.401,72,,,,
9/1/2022,873,4.12,694.7,2862.164,72,,,,
9/1/2022,874,4.01,684.5,2744.845,72,,,,
9/1/2022,875,2.7,573.2,1547.64,72,,,,
9/1/2022,876,2.63,565,1485.95,72,,,,
9/1/2022,877,2.2,554.3,1219.46,72,,,,
9/1/2022,878,1.2,476,571.2,72,,,,
9/1/2022,879,4.79,760.5,3642.795,76,22,,,
9/1/2022,880,4.75,745.6,3541.6,76,,,,
9/1/2022,881,4.69,745.2,3494.988,76,,,,
9/1/2022,882,4.63,744.1,3445.183,76,,,,
9/1/2022,883,4.5,731.8,3293.1,76,,,,
9/1/2022,884,4.28,730.9,3128.252,76,,,,
9/1/2022,885,4.58,728.9,3338.362,76,,,,
9/1/2022,886,4.57,721.5,3297.255,76,,,,
9/1/2022,887,5.59,723.4,4043.806,76,,,,
9/1/2022,888,4.56,721.9,3291.864,76,,,,
9/1/2022,889,4.56,722.6,3295.056,76,,,,
9/1/2022,890,4.57,721.3,3296.341,76,,,,
9/1/2022,891,4.55,724.6,3296.93,76,,,,
9/1/2022,892,4.55,721.9,3284.645,76,,,,
9/1/2022,893,4.55,719.7,3274.635,76,,,,
9/1/2022,894,4.54,719.6,3266.984,76,,,,
9/1/2022,895,4.53,718.7,3255.711,76,,,,
9/1/2022,896,4.52,717.6,3243.552,76,,,,
9/1/2022,897,4.51,720.4,3249.004,76,,,,
9/1/2022,898,4.52,718.9,3249.428,76,,,,
9/1/2022,899,4.5,722.6,3251.7,76,,,,
9/1/2022,900,4.48,717.3,3213.504,76,,,,
9/1/2022,901,4.47,718.6,3212.142,76,,,,
9/1/2022,902,4.48,712.6,3192.448,76,,,,
9/1/2022,903,4.41,716.8,3161.088,76,,,,
9/1/2022,904,4.36,705.4,3075.544,76,,,,
9/1/2022,905,4.33,701.9,3039.227,76,,,,
9/1/2022,906,4.28,698.5,2989.58,76,,,,
9/1/2022,907,4.25,694.8,2952.9,76,,,,
9/1/2022,908,4.18,691.8,2891.724,76,,,,
9/1/2022,909,4.12,690.2,2843.624,76,,,,
9/1/2022,910,4.02,618.2,2485.164,76,,,,
9/1/2022,911,3.74,651.3,2435.862,76,,,,
9/1/2022,912,2.78,559.7,1555.966,76,,,,
9/1/2022,913,2.55,548.7,1399.185,76,,,,
9/1/2022,914,2.18,315.2,687.136,76,,,,
9/1/2022,915,1.05,440.3,462.315,76,,,,
9/2/2022,916,4.85,756.3,3668.055,74,23,,,
9/2/2022,917,4.76,745.3,3547.628,74,,,,
9/2/2022,918,4.72,743.9,3511.208,74,,,,
9/2/2022,919,4.66,735.4,3426.964,74,,,,
9/2/2022,920,4.64,730.8,3390.912,74,,,,
9/2/2022,921,4.59,730.9,3354.831,74,,,,
9/2/2022,922,4.56,725.8,3309.648,74,,,,
9/2/2022,923,4.55,726.4,3305.12,74,,,,
9/2/2022,924,4.55,724.5,3296.475,74,,,,
9/2/2022,925,4.54,723.5,3284.69,74,,,,
9/2/2022,926,4.55,723.8,3293.29,74,,,,
9/2/2022,927,4.55,723,3289.65,74,,,,
9/2/2022,928,4.55,722.7,3288.285,74,,,,
9/2/2022,929,4.55,723.5,3291.925,74,,,,
9/2/2022,930,4.55,722.8,3288.74,74,,,,
9/2/2022,931,4.55,722.8,3288.74,74,,,,
9/2/2022,932,4.55,723,3289.65,74,,,,
9/2/2022,933,4.55,721.8,3284.19,74,,,,
9/2/2022,934,4.54,721.9,3277.426,74,,,,
9/2/2022,935,4.54,720.9,3272.886,74,,,,
9/2/2022,936,4.53,720.3,3262.959,74,,,,
9/2/2022,937,4.52,719.2,3250.784,74,,,,
9/2/2022,938,4.5,718.7,3234.15,74,,,,
9/2/2022,939,4.48,717.8,3215.744,74,,,,
9/2/2022,940,4.44,715.6,3177.264,74,,,,
9/2/2022,941,4.39,713.8,3133.582,74,,,,
9/2/2022,942,4.35,709.2,3085.02,74,,,,
9/2/2022,943,4.32,706.3,3051.216,74,,,,
9/2/2022,944,4.27,702.8,3000.956,74,,,,
9/2/2022,945,4.24,699,2963.76,74,,,,
9/2/2022,946,4.19,694.6,2910.374,74,,,,
9/2/2022,947,4.11,686.6,2821.926,74,,,,
9/2/2022,948,4.02,680.5,2735.61,74,,,,
9/2/2022,949,2.75,575,1581.25,74,,,,
9/2/2022,950,2.61,555,1448.55,74,,,,
9/2/2022,951,2.03,545,1106.35,74,,,,
9/2/2022,952,4.79,762.8,3653.812,72,24,,,
9/2/2022,953,4.75,743.2,3530.2,72,,,,
9/2/2022,954,4.72,742.6,3505.072,72,,,,
9/2/2022,955,4.67,735.2,3433.384,72,,,,
9/2/2022,956,4.65,733.4,3410.31,72,,,,
9/2/2022,957,4.63,730.4,3381.752,72,,,,
9/2/2022,958,4.62,731.6,3379.992,72,,,,
9/2/2022,959,4.61,730.4,3367.144,72,,,,
9/2/2022,960,4.61,738.5,3404.485,72,,,,
9/2/2022,961,4.6,726.5,3341.9,72,,,,
9/2/2022,962,4.59,731.6,3358.044,72,,,,
9/2/2022,963,4.59,727.3,3338.307,72,,,,
9/2/2022,964,4.59,724.6,3325.914,72,,,,
9/2/2022,965,4.59,728.3,3342.897,72,,,,
9/2/2022,966,4.56,734.6,3349.776,72,,,,
9/2/2022,967,4.58,728.3,3335.614,72,,,,
9/2/2022,968,4.57,727.3,3323.761,72,,,,
9/2/2022,969,4.56,733.4,3344.304,72,,,,
9/2/2022,970,4.55,730.1,3321.955,72,,,,
9/2/2022,971,4.54,731.4,3320.556,72,,,,
9/2/2022,972,4.54,729.8,3313.292,72,,,,
9/2/2022,973,4.52,727.3,3287.396,72,,,,
9/2/2022,974,4.51,723.4,3262.534,72,,,,
9/2/2022,975,4.49,721.3,3238.637,72,,,,
9/2/2022,976,4.44,719.8,3195.912,72,,,,
9/2/2022,977,4.39,717.8,3151.142,72,,,,
9/2/2022,978,4.35,710.3,3089.805,72,,,,
9/2/2022,979,4.29,704.3,3021.447,72,,,,
9/2/2022,980,4.25,699.8,2974.15,72,,,,
9/2/2022,981,4.2,698.4,2933.28,72,,,,
9/2/2022,982,4.15,691.5,2869.725,72,,,,
9/2/2022,983,4.05,684.3,2771.415,72,,,,
9/2/2022,984,3.8,657.3,2497.74,72,,,,
9/2/2022,985,2.65,560.3,1484.795,72,,,,
9/2/2022,986,2.47,541.3,1337.011,72,,,,
9/2/2022,987,1.162,444.3,516.2766,72,,,,
9/3/2022,988,4.85,767.9,3724.315,75,25,,,
9/3/2022,989,4.76,755.1,3594.276,75,,,,
9/3/2022,990,4.71,742.2,3495.762,75,,,,
9/3/2022,991,4.67,738,3446.46,75,,,,
9/3/2022,992,4.64,735.5,3412.72,75,,,,
9/3/2022,993,4.62,730,3372.6,75,,,,
9/3/2022,994,4.6,727.8,3347.88,75,,,,
9/3/2022,995,4.59,725.8,3331.422,75,,,,
9/3/2022,996,4.58,723.5,3313.63,75,,,,
9/3/2022,997,4.58,723.5,3313.63,75,,,,
9/3/2022,998,4.57,722.1,3299.997,75,,,,
9/3/2022,999,4.57,722.5,3301.825,75,,,,
9/3/2022,1000,4.57,721.5,3297.255,75,,,,
9/3/2022,1001,4.56,720.9,3287.304,75,,,,
9/3/2022,1002,4.56,720.5,3285.48,75,,,,
9/3/2022,1003,4.55,719.5,3273.725,75,,,,
9/3/2022,1004,4.55,719.5,3273.725,75,,,,
9/3/2022,1005,4.54,718.3,3261.082,75,,,,
9/3/2022,1006,4.54,717.5,3257.45,75,,,,
9/3/2022,1007,4.53,717,3248.01,75,,,,
9/3/2022,1008,4.52,716.5,3238.58,75,,,,
9/3/2022,1009,4.51,716.2,3230.062,75,,,,
9/3/2022,1010,4.48,714.5,3200.96,75,,,,
9/3/2022,1011,4.45,712.6,3171.07,75,,,,
9/3/2022,1012,4.42,709.7,3136.874,75,,,,
9/3/2022,1013,4.38,707.5,3098.85,75,,,,
9/3/2022,1014,4.34,704.5,3057.53,75,,,,
9/3/2022,1015,4.3,699.5,3007.85,75,,,,
9/3/2022,1016,4.25,694.7,2952.475,75,,,,
9/3/2022,1017,4.22,690.6,2914.332,75,,,,
9/3/2022,1018,4.12,683.5,2816.02,75,,,,
9/3/2022,1019,3.87,657.3,2543.751,75,,,,
9/3/2022,1020,2.71,563,1525.73,75,,,,
9/3/2022,1021,1.55,531,823.05,75,,,,
9/3/2022,1022,1.32,496,654.72,75,,,,
9/3/2022,1023,1.27,488,619.76,75,,,,
9/3/2022,1024,4.79,747.3,3579.567,79,26,,,
9/3/2022,1025,4.74,734.2,3480.108,79,,,,
9/3/2022,1026,4.69,729.3,3420.417,79,,,,
9/3/2022,1027,4.65,725.3,3372.645,79,,,,
9/3/2022,1028,4.63,723.6,3350.268,79,,,,
9/3/2022,1029,4.61,721.6,3326.576,79,,,,
9/3/2022,1030,4.6,720.4,3313.84,79,,,,
9/3/2022,1031,4.58,731.6,3350.728,79,,,,
9/3/2022,1032,4.58,717.3,3285.234,79,,,,
9/3/2022,1033,4.58,719.3,3294.394,79,,,,
9/3/2022,1034,4.57,717.8,3280.346,79,,,,
9/3/2022,1035,4.57,715.4,3269.378,79,,,,
9/3/2022,1036,4.57,716.4,3273.948,79,,,,
9/3/2022,1037,4.56,715.9,3264.504,79,,,,
9/3/2022,1038,4.56,716.3,3266.328,79,,,,
9/3/2022,1039,4.56,714.9,3259.944,79,,,,
9/3/2022,1040,4.55,713.8,3247.79,79,,,,
9/3/2022,1041,4.54,712.6,3235.204,79,,,,
9/3/2022,1042,4.54,714.7,3244.738,79,,,,
9/3/2022,1043,4.52,711.4,3215.528,79,,,,
9/3/2022,1044,4.51,710.6,3204.806,79,,,,
9/3/2022,1045,4.5,708.4,3187.8,79,,,,
9/3/2022,1046,4.45,706.8,3145.26,79,,,,
9/3/2022,1047,4.42,702.9,3106.818,79,,,,
9/3/2022,1048,4.38,701.6,3073.008,79,,,,
9/3/2022,1049,4.33,697.8,3021.474,79,,,,
9/3/2022,1050,4.28,692.8,2965.184,79,,,,
9/3/2022,1051,4.26,690.1,2939.826,79,,,,
9/3/2022,1052,4.16,682.3,2838.368,79,,,,
9/3/2022,1053,4,669.4,2677.6,79,,,,
9/3/2022,1054,2.98,575.3,1714.394,79,,,,
9/3/2022,1055,2.71,667.3,1808.383,79,,,,
9/3/2022,1056,2.64,549.3,1450.152,79,,,,
9/3/2022,1057,2.18,491.3,1071.034,79,,,,
9/3/2022,1058,1.33,708.3,942.039,79,,,,
9/3/2022,1059,1.01,730.4,737.704,79,,,,
9/4/2022,1060,4.86,736.7,3580.362,75,27,,,
9/4/2022,1061,4.82,710.5,3424.61,75,,,,
9/4/2022,1062,4.74,734.5,3481.53,75,,,,
9/4/2022,1063,4.7,729.4,3428.18,75,,,,
9/4/2022,1064,4.67,724.5,3383.415,75,,,,
9/4/2022,1065,4.64,722.1,3350.544,75,,,,
9/4/2022,1066,4.62,720.2,3327.324,75,,,,
9/4/2022,1067,4.61,719.5,3316.895,75,,,,
9/4/2022,1068,4.6,718.8,3306.48,75,,,,
9/4/2022,1069,4.6,717.4,3300.04,75,,,,
9/4/2022,1070,4.59,716.5,3288.735,75,,,,
9/4/2022,1071,4.59,716.9,3290.571,75,,,,
9/4/2022,1072,4.59,716.7,3289.653,75,,,,
9/4/2022,1073,4.58,716.4,3281.112,75,,,,
9/4/2022,1074,4.58,716.2,3280.196,75,,,,
9/4/2022,1075,4.58,715.8,3278.364,75,,,,
9/4/2022,1076,4.57,716.4,3273.948,75,,,,
9/4/2022,1077,4.57,716.2,3273.034,75,,,,
9/4/2022,1078,4.56,716.5,3267.24,75,,,,
9/4/2022,1079,4.55,715.7,3256.435,75,,,,
9/4/2022,1080,4.54,715.5,3248.37,75,,,,
9/4/2022,1081,4.54,714.9,3245.646,75,,,,
9/4/2022,1082,4.52,714.6,3229.992,75,,,,
9/4/2022,1083,4.5,713.3,3209.85,75,,,,
9/4/2022,1084,4.47,712.4,3184.428,75,,,,
9/4/2022,1085,4.44,709.6,3150.624,75,,,,
9/4/2022,1086,4.4,707.8,3114.32,75,,,,
9/4/2022,1087,4.36,704.8,3072.928,75,,,,
9/4/2022,1088,4.31,700.5,3019.155,75,,,,
9/4/2022,1089,4.26,696.2,2965.812,75,,,,
9/4/2022,1090,4.21,692.3,2914.583,75,,,,
9/4/2022,1091,4.12,685.7,2825.084,75,,,,
9/4/2022,1092,3.35,640,2144,75,,,,
9/4/2022,1093,2.71,562.8,1525.188,75,,,,
9/4/2022,1094,2.12,524,1110.88,75,,,,
9/4/2022,1095,1.41,422,595.02,75,,,,
9/4/2022,1096,1.37,418,572.66,75,,,,
9/4/2022,1097,1.35,416,561.6,75,,,,
9/4/2022,1098,4.78,749.3,3581.654,75,,,,
9/4/2022,1099,4.72,732.6,3457.872,75,,,,
9/4/2022,1100,4.68,728.6,3409.848,75,,,,
9/4/2022,1101,4.64,724.6,3362.144,75,,,,
9/4/2022,1102,4.61,721.5,3326.115,75,,,,
9/4/2022,1103,4.59,719.2,3301.128,75,,,,
9/4/2022,1104,4.57,716.2,3273.034,75,,,,
9/4/2022,1105,4.57,715.4,3269.378,75,,,,
9/4/2022,1106,4.56,715.6,3263.136,75,,,,
9/4/2022,1107,4.56,714.3,3257.208,75,,,,
9/4/2022,1108,4.56,714,3255.84,75,,,,
9/4/2022,1109,4.55,713.2,3245.06,75,,,,
9/4/2022,1110,4.55,712.1,3240.055,75,,,,
9/4/2022,1111,4.55,712.4,3241.42,75,,,,
9/4/2022,1112,4.55,711.6,3237.78,75,,,,
9/4/2022,1113,4.54,712.3,3233.842,75,,,,
9/4/2022,1114,4.54,711.3,3229.302,75,,,,
9/4/2022,1115,4.53,710.8,3219.924,75,,,,
9/4/2022,1116,4.52,710.7,3212.364,75,,,,
9/4/2022,1117,4.52,709.3,3206.036,75,,,,
9/4/2022,1118,4.51,709.8,3201.198,75,,,,
9/4/2022,1119,4.48,707.5,3169.6,75,,,,
9/4/2022,1120,4.44,704.6,3128.424,75,,,,
9/4/2022,1121,4.42,703.6,3109.912,75,,,,
9/4/2022,1122,4.39,700.3,3074.317,75,,,,
9/4/2022,1123,4.34,697.3,3026.282,75,,,,
9/4/2022,1124,4.3,693.2,2980.76,75,,,,
9/4/2022,1125,4.24,688.3,2918.392,75,,,,
9/4/2022,1126,4.22,687.3,2900.406,75,,,,
9/4/2022,1127,4.15,681.3,2827.395,75,,,,
9/4/2022,1128,4.06,672.3,2729.538,75,,,,
9/4/2022,1129,3.85,654.1,2518.285,75,,,,
9/4/2022,1130,2.09,485.3,1014.277,75,,,,
9/4/2022,1131,1.38,414.3,571.734,75,,,,
9/4/2022,1132,1.34,709.4,950.596,75,,,,
9/4/2022,1133,1.28,404.7,518.016,75,,,,
9/4/2022,1134,1.17,389.4,455.598,75,28,,,
9/5/2022,1135,4.87,741.5,3611.105,75,,,,
9/5/2022,1136,4.79,722.1,3458.859,75,,,,
9/5/2022,1137,4.74,710.3,3366.822,75,,,,
9/5/2022,1138,4.7,707.5,3325.25,75,,,,
9/5/2022,1139,4.67,703.7,3286.279,75,,,,
9/5/2022,1140,4.64,714.5,3315.28,75,,,,
9/5/2022,1141,4.62,714.7,3301.914,75,,,,
9/5/2022,1142,4.61,712.5,3284.625,75,,,,
9/5/2022,1143,4.6,712.6,3277.96,75,,,,
9/5/2022,1144,4.59,711.5,3265.785,75,,,,
9/5/2022,1145,4.59,711.5,3265.785,75,,,,
9/5/2022,1146,4.58,710.8,3255.464,75,,,,
9/5/2022,1147,4.58,711.3,3257.754,75,,,,
9/5/2022,1148,4.58,711.2,3257.296,75,,,,
9/5/2022,1149,4.58,712,3260.96,75,,,,
9/5/2022,1150,4.57,713,3258.41,75,,,,
9/5/2022,1151,4.57,713.2,3259.324,75,,,,
9/5/2022,1152,4.56,713.6,3254.016,75,,,,
9/5/2022,1153,4.56,713.5,3253.56,75,,,,
9/5/2022,1154,4.55,712.6,3242.33,75,,,,
9/5/2022,1155,4.54,712.9,3236.566,75,,,,
9/5/2022,1156,4.52,711.6,3216.432,75,,,,
9/5/2022,1157,4.51,711.2,3207.512,75,,,,
9/5/2022,1158,4.49,709.2,3184.308,75,,,,
9/5/2022,1159,4.44,706.5,3136.86,75,,,,
9/5/2022,1160,4.41,703.4,3101.994,75,,,,
9/5/2022,1161,4.37,700,3059,75,,,,
9/5/2022,1162,4.33,696.5,3015.845,75,,,,
9/5/2022,1163,4.28,691.2,2958.336,75,,,,
9/5/2022,1164,4.23,687.5,2908.125,75,,,,
9/5/2022,1165,4.16,680.4,2830.464,75,,,,
9/5/2022,1166,4.02,668,2685.36,75,,,,
9/5/2022,1167,2.67,550,1468.5,75,,,,
9/5/2022,1168,1.47,426,626.22,75,,,,